{
  "id": "res-brave-search",
  "name": "Brave Search API",
  "type": "api",
  "status": "active",
  "description": "Web search API for information retrieval and research tasks.",
  "config": {
    "features": ["web_search", "news", "images"],
    "rate_limit": "2000 req/month",
    "region_support": true
  },
  "endpoint": "https://api.search.brave.com/",
  "documentation_url": "https://api.search.brave.com/app/documentation/web-search/get-started",
  "owner": "architect",
  "shared_with": ["oracle", "tank", "morpheus", "shuri", "keymaker", "link"],
  "capacity": {
    "max_concurrent": 100,
    "unit": "requests/day"
  },
  "bookable": false,
  "cost_per_unit": 0.005,
  "cost_unit": "request",
  "monthly_budget": 20,
  "tags": ["search", "web", "research", "core"],
  "created_at": "2026-02-01T00:00:00.000Z",
  "updated_at": "2026-02-06T00:00:00.000Z",
  "created_by": "architect"
}
