{
  "id": "job-backup",
  "name": "Mission Control Backup",
  "type": "cron",
  "schedule": "0 4 * * *",
  "status": "scheduled",
  "agent": "system",
  "description": "Backup all Mission Control data to archive",
  "config": {
    "source": ".mission-control",
    "destination": "/backups/mission-control",
    "retention_days": 30,
    "compress": true
  },
  "run_count": 5,
  "success_count": 5,
  "last_run": "2026-02-06T04:00:00.000Z",
  "next_run": "2026-02-07T04:00:00.000Z",
  "created_at": "2026-02-01T00:00:00.000Z",
  "created_by": "system"
}
