{
  "id": "job-heartbeat-oracle",
  "name": "Oracle Heartbeat",
  "type": "cron",
  "schedule": "*/30 * * * *",
  "status": "scheduled",
  "agent": "oracle",
  "description": "Periodic check for email, calendar, and notifications",
  "config": {
    "checks": ["email", "calendar", "weather", "mentions"],
    "timeout_ms": 60000
  },
  "run_count": 48,
  "success_count": 47,
  "last_run": "2026-02-06T16:00:00.000Z",
  "next_run": "2026-02-06T16:30:00.000Z",
  "created_at": "2026-02-01T00:00:00.000Z",
  "created_by": "architect"
}
