{
  "id": "queue-data-sync",
  "name": "Repository Sync",
  "type": "cron",
  "schedule": "0 * * * *",
  "description": "Syncs mission control data with remote repository hourly. Pulls latest changes and updates local state.",
  "status": "running",
  "assigned_to": "agent-alex-feb",
  "last_run": "2026-02-05T11:00:00Z",
  "next_run": "2026-02-05T12:00:00Z",
  "run_count": 48,
  "success_count": 48,
  "failure_count": 0,
  "labels": ["sync", "git", "backup"],
  "created_at": "2026-02-01T00:00:00Z",
  "metadata": {
    "timeout_seconds": 120,
    "alert_on_failure": true,
    "notify": ["human-alex-feb", "human-taylor-feb"]
  }
}
