{
  "id": "workflow-multi-level",
  "name": "Multi-Level Review Workflow",
  "description": "sam-feb → jordan-feb → alex-feb approval chain",
  "levels": [
    {
      "level": 1,
      "name": "Technical Review",
      "approvers": ["jordan-feb", "casey-feb"],
      "required_approvals": 1
    },
    {
      "level": 2,
      "name": "Final Approval",
      "approvers": ["alex-feb"],
      "required_approvals": 1
    }
  ],
  "created_at": "2026-01-15T10:00:00.000Z",
  "created_by": "alex-feb"
}
